PayeeID,PayeeName,AccountNumber,BankName,RegisteredDate,Email
793,Melissa Blair DDS,YJAP16307246019214,Perkins-Diaz,2021-04-14,jimenezshannon@example.org
1461,Jordan Gutierrez,SBTL10353781395343,Martin-Williams,2023-02-21,blopez@example.com
7024,Ms. Michelle Nelson,WKQC73408551612821,"Bright, White and Phillips",2024-09-04,lindaoconnell@example.org
8344,Tom Hudson,IOWH76183897268451,"Blackwell, Miller and Williams",2021-01-13,hjones@example.net
2266,Tiffany Lewis,XLRR80794719402087,Ross-Liu,2023-07-18,mitchellbradley@example.org
6306,Donald Snyder,BZTO17003437851332,Holloway-Campbell,2020-04-30,bennettmatthew@example.com
8083,Deborah Johnston,URFZ83643354989633,Garcia-Davis,2021-04-10,ifletcher@example.com
1242,Oscar Wagner Jr.,IXIU38725480570091,Moore LLC,2020-01-18,moralesangela@example.org
7266,Holly Pena,EREW39662028832866,"Clark, Smith and Ray",2023-08-16,wwright@example.org
4027,Heather Cortez,SVDR35756248932878,Martinez Ltd,2020-08-16,amanda27@example.net
4988,Jonathan Williams,XKRM24903402544057,Mitchell-Meyer,2022-02-22,barnescynthia@example.net
4489,Micheal Evans,UXWU30146515275351,Carter LLC,2023-03-05,tiffany13@example.com
8233,Jordan Schmidt,MDZG99595856862616,Reyes Group,2020-01-23,joshuasmith@example.com
2759,Barbara Hendricks,GYLD31716992296663,Bates-Gilbert,2021-10-30,amandaacevedo@example.net
9382,Brittany Johnson,DSMG23941274365187,"Fischer, Jones and Spencer",2022-07-16,mayshannah@example.org
8310,Derek Phelps,CAOE31576855061029,Dixon-Alexander,2019-11-16,jessecamacho@example.net
2476,Jane Marshall,YPKV70062753984669,Ball Ltd,2020-10-20,vlopez@example.com
8015,Gary Simmons,AEOU58544503829307,"Luna, Walters and Baker",2023-10-06,amber94@example.org
2114,Ronald Johnson,QYKW86721616050657,"Carpenter, Bishop and Rivera",2023-06-20,zwelch@example.com
1741,Spencer Mcgee,RURI78941326103961,"Hansen, Thompson and Miller",2023-11-08,benjamin53@example.org
6435,David Spencer,YJFV99939706247089,"Scott, Gutierrez and Terry",2023-03-06,dorothyhart@example.net
9964,Tonya Hernandez,FDYJ30840062321892,"Lewis, Campos and Johnson",2022-03-21,dawnreynolds@example.org
5312,Jaclyn Knox,LFVA13303291164017,Rojas-Scott,2023-08-22,kjames@example.net
6141,Miguel Eaton,PGXP42376315564649,Aguirre-Davis,2022-09-05,danabauer@example.com
3449,Heather Henderson,NYHZ79842238116208,"Higgins, Lynch and Anderson",2020-06-20,juanpratt@example.net
2550,Juan Stephens,WVQH86340313761101,"Lowery, Delgado and Jackson",2022-12-25,fostererin@example.net
2459,Amy Castillo,ENFH24831017107292,Davis PLC,2021-11-11,swilliamson@example.org
4410,Kimberly Combs,FMAP52499445038649,"Clark, Rodriguez and Friedman",2024-02-25,matthew25@example.net
2087,Gregory Wilson,QDZR91233448672010,Ward-Campbell,2024-04-11,williamsonshaun@example.org
2069,Mathew Baldwin,TKEA57251251017925,Shaw Group,2023-01-07,howecarlos@example.com
300,Teresa Bryant,TDIZ60630437703454,Perry-Donaldson,2022-06-02,maria61@example.com
2013,Tina Bowen,NRXV46596973093017,Rivera-Paul,2021-06-07,tharris@example.net
7742,Taylor Barry,TRUW25457968844271,Miller PLC,2022-06-16,jayowens@example.net
126,Tamara Robinson,VMDO26844201938924,Reynolds-Bruce,2024-03-13,barkerdaniel@example.net
9886,Jennifer Maddox,VVGN37355331365605,Johnson-Hill,2020-03-23,ihart@example.org
7089,Stephanie Mcmillan,XUAP51161529551152,"Lopez, Gregory and Waller",2023-11-05,maryhopkins@example.net
2771,Derek Hogan,BQQM89395297390606,Mahoney-Keller,2023-01-27,ashleyflynn@example.org
1656,John Middleton,SVWQ35611042622943,Smith PLC,2024-01-24,jarnold@example.net
1499,Brian Carey,QEJH36507662564381,Frye-Wright,2023-06-21,curtis95@example.com
151,Cynthia King,JRKX35150088324607,Green PLC,2021-10-26,ilopez@example.net
8833,Shannon Torres,SUWW10976086225137,"Hines, Collins and Salas",2021-03-07,mooredonald@example.net
1215,Angela Hopkins,JCSN52312363938773,Henry-Bowers,2020-03-19,thomas35@example.com
8908,Chad Thompson,OWVP63939384810605,"Perkins, Graham and Robbins",2020-07-31,nrobinson@example.net
2020,Shawn Russo,BNJE28303064710316,"Medina, Roberts and Collins",2021-01-19,braychristina@example.org
1383,James Allen,LLYW41675238515775,"Gallagher, Waters and Kane",2023-07-09,shanereynolds@example.com
3915,Clifford Fleming,SJRW69648997535120,Rasmussen and Sons,2022-04-10,tanya10@example.com
818,Jesse Green,YXRX57471779227064,"Davis, Jackson and Williams",2021-09-03,gerald76@example.org
8078,Teresa Jones,DCOM15321086406967,"Carpenter, Carpenter and Thompson",2023-06-02,ktrujillo@example.net
5553,Rebecca Ortiz,YQPO85115545482621,Brown-Lynch,2022-04-25,tjohnson@example.net
2663,Lauren Henry,ZTVA84858931731067,Kelly PLC,2021-05-29,cynthiasingh@example.org
4348,Stephanie Berry,KFYX91996223165062,Rogers Inc,2024-02-19,wayne54@example.net
2660,Ms. Chelsea Decker,EDFR77509944036304,Campbell Inc,2021-05-13,abyrd@example.com
5650,Melissa Jenkins,HQHL55487821949852,Norris-Morris,2023-04-26,smithshelly@example.com
6497,Jacqueline Cooley,LUJY31212909636602,Chambers PLC,2024-02-21,anthony16@example.org
2920,Paul Delgado,SNHZ15870998606515,"Collier, Pacheco and Sloan",2022-08-17,barbara73@example.com
5240,Lauren Maldonado,TRUH67701790748205,Smith LLC,2023-01-21,fmoyer@example.com
2753,Louis Moore,OAMS78825491908716,"Thomas, Frazier and Page",2023-03-14,jameswilliam@example.org
7233,Joel Monroe,DMAK64439386849428,Wall LLC,2022-04-18,qgonzales@example.com
2835,Jeffrey Johnson,CGFQ90214683178399,Gross-Rose,2020-07-12,burtonlinda@example.org
2233,Lisa Johnson,IJMX47361158210710,Spencer LLC,2023-01-04,kimmichelle@example.com
4816,Gina Norton,KFXZ19434781267201,"Miller, Burke and Wright",2020-01-26,stewartrobert@example.net
932,Joseph Nelson,HSKK59035830114095,Holland Ltd,2021-08-24,nross@example.org
898,Kerry Davis,RUFH62455027879355,Smith Group,2020-05-27,jenna14@example.com
5590,Mr. Paul Hayes,KQXB54059224837456,Jacobs Inc,2020-07-18,joseph84@example.net
9752,Brooke Myers,VGLL82096361538075,Barnes-Taylor,2022-02-16,ashleybryant@example.com
5945,Julia Huffman,LKUF56191895115970,Ellis-Burgess,2020-01-06,ronaldwilliams@example.net
3445,Dawn Wong,YAHV61044502896401,Brown-Martinez,2023-07-15,michelle89@example.org
9929,Paul Shelton,NEOJ25509450959719,Gonzales-Myers,2019-11-11,velasquezjennifer@example.net
1812,Cynthia Colon,BXTV32713381554618,"Brown, James and Thomas",2024-07-14,nicole91@example.net
3656,Melissa Jones,EJAT39569815147669,Hunter-Carlson,2021-12-03,frank45@example.org
8231,Lonnie Sparks,BVXR77703974493275,"Brown, James and Guzman",2024-01-19,lalexander@example.net
5575,Christopher Hall,IMBA31571533746005,Brandt LLC,2022-05-09,sarahcastillo@example.com
3042,Jennifer Hernandez,CTMO55460377308711,"Morris, Gamble and Morrison",2024-03-23,hromero@example.net
7405,Manuel Burke,MXZH04301734702361,"Russell, Padilla and Martin",2022-11-20,ramosrenee@example.org
2824,Gary Jenkins,CVXV12244575130672,Fleming-Aguilar,2021-12-18,jgreen@example.org
6384,Jacob Nelson,OCWF62428478905499,Lane-Schmidt,2023-04-17,mayjudith@example.net
7219,Douglas Abbott,RSBL37536633524303,Pitts PLC,2023-01-25,riosmichelle@example.com
1777,Mr. John Sutton,VUVQ24982959252076,Young Group,2021-08-01,michaelhayes@example.org
1246,Scott Graves,LRFG29094698951784,Perez LLC,2024-02-01,gary37@example.com
7729,Nathan Anderson,SLPR99059295232491,Hernandez-Castillo,2019-10-30,adam27@example.org
9626,Andrew Ramsey,NYYN01332416911846,"Yates, Warren and Lopez",2021-11-22,mary56@example.net
8922,Alan Price,LIMY33964889451522,Taylor-Meyer,2023-05-16,nathan85@example.com
436,Anne Grant,EDGT45375085025269,Miller-Fields,2020-11-03,hestes@example.net
4894,Brittany Perez,TCXY06438983260387,Castillo-Jones,2020-02-20,pyoung@example.net
1580,Emily Huffman,JZHK19412581919149,Martin-Smith,2020-09-21,nataliecampbell@example.com
8772,Michelle Howard,GVLR88788808354277,Hurst PLC,2022-04-29,traceyleach@example.org
8570,Gary Graham,AKCR56701971605067,Miller-Bradford,2021-11-02,reneemiller@example.net
1768,Christina Turner,YKPG04713651440244,Mcmillan PLC,2023-05-24,smithtina@example.org
4552,Gerald Holmes,YQVD12227568818364,Johnson Ltd,2021-12-19,jennifer65@example.org
8273,Stephanie Gentry,OOFS74071100601792,Williams-Berg,2022-01-26,stevenroy@example.com
4746,James Merritt,KHRE65373039930855,Burnett-Tran,2022-08-31,amandamaddox@example.net
1670,Ann Bowman,XKEB33793314030310,Chang Ltd,2023-03-19,thompsongloria@example.org
2987,David Nelson,PCGT16393122741811,Lang-Gutierrez,2020-10-16,lawrence09@example.com
451,Joel Garza,IGAX80358297002031,Ashley Inc,2020-03-10,vasquezlindsey@example.net
9511,Douglas Grant,BHUL15714836616849,Wheeler-Ferguson,2022-04-24,james15@example.net
4390,Jeffrey Sawyer,PZIB75935835270854,Johnson and Sons,2021-07-23,omar81@example.org
6203,Sean Martinez,TFAR65171919305935,Carey-Castillo,2019-10-29,brownjose@example.com
6909,Michael Ballard DDS,ZIMM94392262358111,Fischer-Lucas,2024-01-06,charlesreeves@example.com
7632,Katie Ortiz,WBPM24300835660643,"Williams, Estrada and Cobb",2020-02-29,zacharypruitt@example.com
2129,Lauren Bell,TWQX22238129485838,Olson LLC,2021-10-02,kwilliams@example.org
